title,time,id,path,pad
"Adelaide, SA",Mar-22,1kZNUPCL73uPYQJv88YwHfNQ-eAE_qlKX,,40%
"Koo Wee Rup, VIC",Feb-22,1-SNW8tEz0piq9A3_FyrGm7X5HuIKk6Ru,,83%
"Coles Bay, TAS",Jan-22,1ZRUXOEH-TlwKP734NEoUx5vXtWC9A1DM,,75%
"Fossil Bay, VIC",Jan-22,13ogrE0I6luSYmlEGUmK6f-xvQDCPSJ3g,,58%
"Fossil Bay, VIC",Jan-22,1ltX9vb2vNGy4FvEwM_CGpTLcrYGzsHxu,,63%
"Cape Raoul, TAS",Jan-22,14s1HdJdD0psaYtHOpooQKvYBMhP8CYOt,,60%
"Hobart, TAS",Jan-22,1_mbyQm-EswLIrN5DZ1JovPSTkwLhFQ_X,,59%
"Dimboola, VIC",Jan-22,1B3QGzzK2FvYenPSIu-kkWESQCq_76kU2,,55%
"Lake Tooliorook, VIC",Nov-21,1_-JVM_0YPLIGmwQrk5_qGLbktMABh0-t,,60%
"Melbourne CBD, VIC",Sep-21,1Cco5SxW887ZNZMsz8xnbLtudXqnBvzIp,,60%
"Lake Catani, VIC",Apr-21,1uXTrO9zsYWmF1K-gkIOliM9uqnbwKBpY,,75%
"The Horn, VIC",Apr-21,1toved-MJcqdN_eHm-nCXFWXadk8hxdXv,,45%
"Mount Buffalo, VIC",Apr-21,1yWtuDjzBLR0XrmFEIXz_DbwYd_-Q3i7A,,65%
"Tower Hill Lookout, VIC",Apr-21,1Q9OYhX5t-HTwZoRg28k_wUCK254nN6fn,,65%
"Kilcunda, VIC",Mar-21,1-JuueSphAC01XBXo2YXh_nowscPoEwFz,,40%
"Lake Nillahcootie, VIC",Jan-21,1DSOjYC6h7A-cqT0EqVGz3c0vjCL5AR8n,,25%
"Yea, VIC",Feb-20,1-pPJP-T0hFat2Nl_6xrGWxGJiVvd9XJo,,95%
"Lung Cu Flagpole, Ha Giang",Dec-19,1b0ahqOgEZpnoG0epmmYxhAozg7AHcF7m,,80%
"Dong Van, Ha Giang",Dec-19,1pr0qmE_LhaewaTk1kU1HbSkBK3gFciO7,,60%
"Pho Bang, Ha Giang",Dec-19,1vdRqDFFA8VOyxd0YSLSDSndlKOdwzKX9,,64%
"Bao Lam, Cao Bang",Dec-19,1AYMA_Tqgd8PW4XUdSyPWo6z0Hiwmi28-,,65%
"Warburton, VIC",Jun-19,1ituXevDS4n-LdYARp1vpfg8fMbxetfma,,75%
"Mt. Donna Buang, VIC",Jun-19,1OfosDPC4DdJQZR9XACr6oxMsYBsRkxLN,,70%
"Mt. Ba Den, Tay Ninh",Feb-19,1KHZ5iluzM2cgd9p1r1_WfMV6i6wWcqCv,,80%
"Ba Qua Doi, Da Lat",Jan-19,1Gmzbakq2lmzxpPBhHy_t9d2yl1RiJ1PE,,60%
"???, HCMC",Jan-19,1O-3AyhWirvMkrEBwPr85QoK8a88vxHOk,,67%
Việt Nam Vô Địch!,Dec-18,1glIabO9rnxErOqay6NroK037zA77FwTu,,64%
"Mornington, VIC",Sep-18,1zlHuuOmlxuQ3cu61sOlQx7yUmTznpGZT,,35%
"Tho Ha, Bac Giang",Jun-18,1RWZYc9dTAWaWPcjOTmMn3XY-Q_Zt62tN,,60%
"Ø , HCMC",Jun-18,1ZQUwXfxZzAidzTt6uUNPDICPaFLqIH_i,,56%
"Cathedral Ranges, VIC",May-18,15bJ4l0ex-OJ-UnOUhbsIAoU7vt0oSc2S,,40%
"Cathedral Ranges, VIC",May-18,1RH18qkBaiA6HLIYxWLafkuZv1G1G_9nQ,,65%
"Cathedral Ranges, VIC",May-18,1deZA2OuYLCe3Y4pWEj2DvPS-wAFJ6fRk,,65%
"Fort Nepean, VIC",Apr-18,1qK0wcjmldvJWRlC2PJauqFmXmbZ8aEb3,,55%
"Macedon, VIC",Mar-18,1SCw3MIVwk2ttAcPoGhFY5_rZWxo7QnOg,,56%
"Footscray, VIC",Feb-18,16kaOgrRXm7wnYMXovTttMFTmYaTTd6ph,,73%
"Docklands, VIC",Jul-17,1VQ_moOqNR-k4ugy7RkMvk8gshJjcC7s0,,60%
"District 1, HCMC",Jun-17,1EOkSCmLdFnWGiX-aavL3hbTkrVwD4CsA,,45%
"Mt. Fuji, Shizuoka",Jan-17,1JpPP4Qv18xm6-gzhP3ADCeWAlK-JnRd3,,17%
"Sa Pa, Lao Cai",Sep-16,1XLK1kGQgQHqQSD-BYMvEyQKxYEVlwi27,,62%
"Sa Pa, Lao Cai",Sep-16,1ex305GXwVu7mfcZmg0v6wZISgUYCnZdg,,43%
"Sa Pa, Lao Cai",Sep-16,17Evdzl__nt-YoQZEGL0k9w-hIGIYJjoB,,60%
"Cai Rang, Can Tho",May-16,1jTpFv1t1JTL4n0iJD236bksh6H3naqI3,,60%
"District 1, HCMC",May-16,11Ip9mNwOAK-MuH3BKmLCORIPMgTFavsf,,60%
